Input Magazine Metadata,,,,,,,,,,,,,,,,,,,,,,,,,,,,,,,,,,,,,,,,,,,,,,
Version 1x,,"Note: all spelling and punctuation is reproduced as seen. Actual articles are considered in correct order, where index is disagreed with",,,,,,,,,total articles with this tag,,,,,,article is this tag,,,,,,total pages of this tag so far,,,,,,pages of this tag in this issue,,,,,,,,,,,,,,,,,
article #,issue,article title,article title given in index (if different),description given in index,pages,type,# articles of this type,series tag,tags,notes,bp,mc,gp,a,p,l,bp,mc,gp,a,p,l,bp,mc,gp,a,p,l,bp,mc,gp,a,p,l,,,,,,,,,,,,
1,1,think of a number any number,think of a number … any number,Using the RND function.,6,bp,1,,,,1,,,,,,1,,,,,,6,,,,,,6,,,,,,,,,,,,,,,,,
2,1,speed up your games routines,,Frog and tank UDGs—how to set up and move them.,8,mc,1,,,,,1,,,,,,1,,,,,,8,,,,,,8,,,,,,,,,,,,,,,,
3,1,the art of the for ... next loop,,The computer as a counting device.,6,bp,2,,,,2,,,,,,1,,,,,,12,,,,,,6,,,,,,,,,,,,,,,,,
4,1,untangling your saves and loads,,Best use of your cassette recorder.,4,p,1,,,,,,,,1,,,,,,1,,,,,,4,,,,,,4,,,,,,,,,,,,,
5,1,get moving on animation,,Animating ROM graphics,7,gp,1,,,,,,1,,,,,,1,,,,,,7,,,,,,7,,,,,,,,,,,,,,,
6,2,the computer as decision-maker,,IF … THEN commands.,5,bp,3,,,,3,,,,,,1,,,,,,17,,,,,,5,,,,,,,,,,,,,,,,,
7,2,10-minute game graphics,,Binary/decimal/hex conversions and some more UDGs.,8,mc,2,,,"this should be bp, not mc! Publisher error",,2,,,,,,1,,,,,,16,,,,,,8,,,,,,,,,,,,,,,,
8,2,streamline your hobbies files,streamline your hobbies files: 1,Datafile program for hobbies.,8,a,1,hobbiesfiles,,,,,,1,,,,,,1,,,,,,8,,,,,,8,,,,,,,,,,,,,,
9,2,right ... up ... left … fire!,,Using GET$ and INKEY$ to fire a missile.,6,gp,2,,action,,,,2,,,,,,1,,,,,,13,,,,,,6,,,,,,,,,,,,,,,
10,2,the programmer’s road signs,,Forward and backward jumps with GOTO and GOSUB,5,bp,4,,"goto,gosub",,4,,,,,,1,,,,,,22,,,,,,5,,,,,,,,,,,,,,,,,
11,3,get down to low-level languages,get down to low level languages,What is machine code and assembly language?,3,mc,3,,,strange art: guy finding assembler much more relaxing,,3,,,,,,1,,,,,,19,,,,,,3,,,,,,,,,,,3,,,,,
12,3,fun-to-program maze games,,Moving an eater through your own maze design.,7,gp,3,maze,maze,,,,3,,,,,,1,,,,,,20,,,,,,7,,,,,,,,,,,,,,,
13,3,streamline your hobbies files-2,streamline your hobbies files: 2,"Searching, amending and deleting records.",5,a,2,hobbiesfiles,,,,,,2,,,,,,1,,,,,,13,,,,,,5,,,,,,,,,,,,,,
14,3,draw a fire-breathing dragon,,Using UDGs for a useful character.,4,mc,4,,"udgs,graphics",,,4,,,,,,1,,,,,,23,,,,,,4,,,,,,,,,,,,,,,,
15,3,"how to plot, draw, line and paint",,Get started on computer art.,8,bp,5,,,,5,,,,,,1,,,,,,30,,,,,,8,,,,,,,,,,,,,,,,,
16,3,variables: the mysteries explained,variables: the mystery explained,Number and string variables and how they are used.,5,bp,6,,variables,,6,,,,,,1,,,,,,35,,,,,,5,,,,,,,,,,,,,,,,,
17,4,scoring and timing routines,,Time your way through a minefield game,7,gp,4,,,,,,4,,,,,,1,,,,,,27,,,,,,7,,,,,,,,,,,,,,,
18,4,all about read and data,,Storing and gathering information with your micro.,6,bp,7,,,,7,,,,,,1,,,,,,41,,,,,,6,,,,,,,,,,,,,,,,,
19,4,learning to count on one finger,,Understanding binary.,7,mc,5,,binary,,,5,,,,,,1,,,,,,30,,,,,,7,,,,,,,,,,,,,,,,
20,4,spot-on screen displays,,Using punctuation for neat screen layout.,7,bp,8,,,,8,,,,,,1,,,,,,48,,,,,,7,,,,,,,,,,,,,,,,,
21,4,multiple letters made easy,,Letter-writer program incorporating a text-editor.,5,a,3,,,,,,,3,,,,,,1,,,,,,18,,,,,,5,,,,,,,,,,,,,,
22,5,what do I do next?,,Inputting instructions to the computer.,7,bp,9,,,,9,,,,,,1,,,,,,55,,,,,,7,,,,,,,,,,,,,,,,,
23,5,sort out your expenses,,A simple accounting program.,8,a,4,,,,,,,4,,,,,,1,,,,,,26,,,,,,8,,,,,,,,,,,,,,
24,5,deadly enemies and aliens,,"A space game with aliens, missiles and shields.",8,gp,5,,,,,,5,,,,,,1,,,,,,35,,,,,,8,,,,,,,,,,,,,,,
25,5,arrays-the information stores,Arrays—the information stores,DIMensioning and using arrays.,4,bp,10,,,,10,,,,,,1,,,,,,59,,,,,,4,,,,,,,,,,,,,,,,,
26,5,handling hexadecimal arithmetic,,Program to convert binary to hex.,5,mc,6,,,,,6,,,,,,1,,,,,,35,,,,,,5,,,,,,,,,,,,,,,,
27,6,creating the big bang,,Adding screen explosion UDGs to your games.,7,gp,6,,,,,,6,,,,,,1,,,,,,42,,,,,,7,,,,,,,,,,,,,,,
28,6,sprites on the commodore 64,,An important graphics feature.,5,bp,11,commsprites,,,11,,,,,,1,,,,,,64,,,,,,5,,,,,,,,,,,,,,,,,
29,6,getting your programs in shape,,Structured programming and the use of flow charts.,6,bp,12,progsinshape,,,12,,,,,,1,,,,,,70,,,,,,6,,,,,,,,,,,,,,,,,
30,6,getting down below zero,,Negative numbers in hex and binary.,5,mc,7,,,,,7,,,,,,1,,,,,,40,,,,,,5,,,,,,,,,,,,,,,,
31,6,refining your screen graphics,,"Draw, circles and arcs.",9,bp,13,,graphics,,13,,,,,,1,,,,,,79,,,,,,9,,,,,,,,,,,,,,,,,
32,7,creating levels of difficulty (mazes),,A new maze game—and how to make it harder.,8,gp,7,maze,maze,,,,7,,,,,,1,,,,,,50,,,,,,8,,,,,,,,,,,,,,,
33,7,unravelling your strings,,"Comparing, sorting and slicing strings.",7,bp,14,,strings,,14,,,,,,1,,,,,,86,,,,,,7,,,,,,,,,,,,,,,,,
34,7,memories are made of this,,"ROM, RAM and memory maps.",8,mc,8,,memory,,,8,,,,,,1,,,,,,48,,,,,,8,,,,,,,,,,,,,,,,
35,7,get your programs in shape-2,get your programs in shape—2,Structured programming and a bubble sort routine.,4,bp,15,progsinshape,,,15,,,,,,1,,,,,,90,,,,,,4,,,,,,,,,,4,,,,,,,
36,7,joystick controllers,,Choosing and interfacing a joystick.,5,p,2,,joystick,,,,,,2,,,,,,1,,,,,,9,,,,,,5,,,,,,,,,,,,,
37,8,printers: the choices,,Buying the hardware to take a copy/,5,p,3,,,,,,,,3,,,,,,1,,,,,,14,,,,,,5,,,,,,,,,,,,,
38,8,breaking the sound barrier,,Sound effects for your games.,6,gp,8,,"sound,audio",,,,8,,,,,,1,,,,,,56,,,,,,6,,,,,,,,,,,,,,,
39,8,getting to the heart of it,,"The CPU, the stack and the registers.",4,mc,9,,,,,9,,,,,,1,,,,,,52,,,,,,4,,,,,,,,,,,,,,,,
40,8,understanding peek and poke,,Looking into the computer’s memory.,8,bp,16,,memory,,16,,,,,,1,,,,,,98,,,,,,8,,,,,,,,,,,,,,,,,
41,8,dragon/tandy: better graphics,,Colour sets and PMODEs.,2,bp,17,,graphics,,17,,,,,,1,,,,,,100,,,,,,2,,,,,,,,,,,,,,,,,
42,8,making pictures with maths,,"Using SIN and COS, drawing circles, curves and ellipses.",7,bp,18,,maths,,18,,,,,,1,,,,,,107,,,,,,7,,,,,,,,,,,,,,,,,
43,9,display your facts and figures,,A bar-chart program.,7,a,5,,,,,,,5,,,,,,1,,,,,,33,,,,,,7,,,,,,,,,,,,,,
44,9,planning an adventure,,An introduction to writing your own adventure game.,5,gp,9,adventure,,,,,9,,,,,,1,,,,,,61,,,,,,5,,,,,,,,,,,,,,,
45,9,cross-referencing your arrays,cross-reference your arrays,Multi-dimensional information stores.,7,bp,19,,,,19,,,,,,1,,,,,,114,,,,,,7,,,,,,,,,,,,,,,,,
46,9,entering machine code,how to enter machine code,Machine code monitor program.,8,mc,10,,,,,10,,,,,,1,,,,,,60,,,,,,8,,,,,,,,,,,,,,,,
47,9,meaningful relationships,,"Logical operators—AND, OR and NOT.",5,bp,20,,,,20,,,,,,1,,,,,,119,,,,,,5,,,,,,,,,,,,,,,,,
48,10,a computer typing tutor,,Improve your speed and accuracy at the keyboard.,7,a,6,typingtutor,,,,,,6,,,,,,1,,,,,,40,,,,,,7,,,,,,,,,,,,,,
49,10,mapping out an adventure,,Planning the story.,6,gp,10,adventure,,,,,10,,,,,,1,,,,,,67,,,,,,6,,,,,,,,,,,,,,,
50,10,more pictures from maths,,Circular patterns and a working clock.,7,bp,21,,,,21,,,,,,1,,,,,,126,,,,,,7,,,,,,,,,,,,,,,,,
51,10,assembling by hand,,"Assembly language, mnemonics and addressing.",5,mc,11,assemblingbyhand,,,,11,,,,,,1,,,,,,65,,,,,,5,,,,,,,,,,,,,,,,
52,10,understanding ascii codes,,And using them in a code program.,7,bp,22,,,,22,,,,,,1,,,,,,133,,,,,,7,,,,,,,,,,,,,,,,,
53,11,assembling by hand—2,,,7,mc,12,assemblingbyhand,,,,12,,,,,,1,,,,,,72,,,,,,7,,,,,,,,,,,,,,,,
54,11,a computer typing tutor-2,a computer typing tutor—2,Part II.,5,a,7,typingtutor,,,,,,7,,,,,,1,,,,,,45,,,,,,5,,,,,,,,5,,,,,,
55,11,shortening programs,,Some tricks to speed up your programs.,1,bp,23,,,,23,,,,,,1,,,,,,134,,,,,,1,,,,,,,,,,,,,,,,,
56,11,getting rid of bugs,,Tracing errors and common faults.,5,bp,24,,bugs,,24,,,,,,1,,,,,,139,,,,,,5,,,,,,,,,,,,,,,,,
57,11,how to merge programs,,Joining programs and adding subroutines.,5,bp,25,,"merging,merge",,25,,,,,,1,,,,,,144,,,,,,5,,,,,,,,,,,,,,,,,
58,11,a moving adventure,,Moving round the locations.,6,gp,11,adventure,,,,,11,,,,,,1,,,,,,73,,,,,,6,,,,,,,,,,,,,,,
59,11,dragon/tandy animated graphics,,GET and PUT for easy animation.,3,bp,26,,"graphics,animation",,26,,,,,,1,,,,,,147,,,,,,3,,,,,,,,,,,,,,,,,
60,12,a computer typing tutor-3,a computer typing tutor—3,And now a test for you.,7,a,8,typingtutor,,,,,,8,,,,,,1,,,,,,52,,,,,,7,,,,,,,,7,,,,,,
61,12,the objects of the quest,,Placing objects and writing verb routines.,6,gp,12,adventure,,,,,12,,,,,,1,,,,,,79,,,,,,6,,,,,,,,,,,,,,,
62,12,new ideas for screen art,,Making more use of colour.,9,bp,27,,"graphics,art",,27,,,,,,1,,,,,,156,,,,,,9,,,,,,,,,,,,,,,,,
63,12,avoiding pitfalls,,Buil-in error traps and bombproofing.,5,bp,28,,,,28,,,,,,1,,,,,,161,,,,,,5,,,,,,,,,,,,,,,,,
64,12,spectrum assembler program,,,5,mc,13,,"assembler,assembly,spectrum",,,13,,,,,,1,,,,,,77,,,,,,5,,,,,,,,,,,,,,,,
65,13,completing the adventure,,"Instructions, hazards and warnings.",7,gp,13,adventure,,,,,13,,,,,,1,,,,,,86,,,,,,7,,,,,,,,,,,,,,,
66,13,getting things in order,,"Bubble, binary and shell-sort routines.",6,bp,29,,sorting,,29,,,,,,1,,,,,,167,,,,,,6,,,,,,,,,,,,,,,,,
67,13,the speaking computer,,A look at speech synthesizers.,4,p,4,,"audio,sound,speech",,,,,,4,,,,,,1,,,,,,18,,,,,,4,,,,,,,,,,,,,
68,13,a commodore assembler program,,,4,mc,14,commodoreassembler,,,,14,,,,,,1,,,,,,81,,,,,,4,,,,,,,,,,,,,,,,
69,13,the powers that be,,"The power function, squares and cubes.",7,bp,30,,,,30,,,,,,1,,,,,,174,,,,,,7,,,,,,,,,,,,,,,,,
70,14,how to plot graphs,,Making visual displays from your data.,7,bp,31,,"graphics,plotting,graph",,31,,,,,,1,,,,,,181,,,,,,7,,,,,,,,,,,,,,,,,
71,14,commodore keyboard symbols,,Use the graphics symbols for programming shorthand.,2,bp,32,,"commodore,keyboard",,32,,,,,,1,,,,,,183,,,,,,2,,,,,,,,,,,,,,,,,
72,14,adventures - the next step,,Now plan you own adventure.,6,gp,14,adventure,,,,,14,,,,,,1,,,,,,92,,,,,,6,,,,,,,,,,,,,,,
73,14,moving pictures – vic/zx81,moving pictures—vic 20/zx 81,"Animated graphics—bike, submarine and alien.",5,mc,15,,"vic,zx81,animation,pictures,graphics",,,15,,,,,,1,,,,,,86,,,,,,5,,,,,,,,,,,,,,,,
74,14,improving your displays,,Formatting a neat text page.,7,bp,33,,,,33,,,,,,1,,,,,,190,,,,,,7,,,,,,,,,,,,,,,,,
75,14,a dragon/tandy assembler,,,5,mc,16,,"assembler,assembly,dragon,tandy",,,16,,,,,,1,,,,,,91,,,,,,5,,,,,,,,,,,,,,,,
76,15,tv versus monitor,,Choosing the best VDU.,5,p,5,,,,,,,,5,,,,,,1,,,,,,23,,,,,,5,,,,,,,,,,,,,
77,15,make more of your udgs,,Protecting UDGs in memory and a new character set.,8,bp,34,udgs,"graphics,udgs",,34,,,,,,1,,,,,,198,,,,,,8,,,,,,,,,,,,,,,,,
78,15,protect your programs,,"Disabling keys, bootstrap programs and copyright statements.",6,bp,35,,"softwareprotection,protection",,35,,,,,,1,,,,,,204,,,,,,6,,,,,,,,,,,,,,,,,
79,15,programming for joysticks,,A gunsight program for joysticks,6,gp,15,,joystick,,,,15,,,,,,1,,,,,,98,,,,,,6,,,,,,,,,,,,,,,
80,15,histograms and pie charts,,More visual displays for your data.,7,bp,36,,"chart,histograms,pie",,36,,,,,,1,,,,,,211,,,,,,7,,,,,,,,,,,,,,,,,
81,16,spectrum trace program,,Program to locate errors.,7,mc,17,,"trace,spectrum",,,17,,,,,,1,,,,,,98,,,,,,7,,,,,,,,,,,,,,,,
82,16,pictures from udgs,,Creating a jungle scene.,8,bp,37,udgs,"graphics,udgs",,37,,,,,,1,,,,,,219,,,,,,8,,,,,,,,,,,,,,,,,
83,16,a duck shooting game,,Use your joystick to hunt ducks.,6,gp,16,,,,,,16,,,,,,1,,,,,,104,,,,,,6,,,,,,,,,,,,,,,
84,16,extend your typing,,Practice you new skills on longer sentences.,6,a,9,,typing,,,,,9,,,,,,1,,,,,,58,,,,,,6,,,,,,,,,,,,,,
85,16,choosing storage methods,,Metits of tapes and disk systems.,5,p,6,,storage,,,,,,6,,,,,,1,,,,,,28,,,,,,5,,,,,,,,,,,,,
86,17,it’s a frame up,,Wireframe drawings—a grid and a circle.,5,bp,38,3d,,,38,,,,,,1,,,,,,224,,,,,,5,,,,,,,,,,,,,,,,,
87,17,commodore tracer,,Program to locate errors.,6,mc,18,,"tracer,commodore",,,18,,,,,,1,,,,,,104,,,,,,6,,,,,,,,,,,,,,,,
88,17,computer conversion tables,computer conversion table,Program to convert imperial to metric.,8,a,10,,,,,,,10,,,,,,1,,,,,,66,,,,,,8,,,,,,,,,,,,,,
89,17,pictures from UDGs-2,pictures from UDGs—2,Finishing the jungle scene.,6,bp,39,udgs,"graphics,udgs",,39,,,,,,1,,,,,,230,,,,,,6,,,,,,,,,,,,,,,,,
90,17,wheeling and dealing,,Part I of Pontoon card game—the graphics and shuffling.,7,gp,17,pontoon,,,,,17,,,,,,1,,,,,,111,,,,,,7,,,,,,,,,,,,,,,
91,18,who needs word processing,who needs word processing?,Uses and advantages of wordprocessors.,5,p,7,,,,,,,,7,,,,,,1,,,,,,33,,,,,,5,,,,,,,,,,,,,
92,18,an acorn program squeezer,acorn program squeezer,Machine code utility to compress BASIC programs.,7,mc,19,acornsqueezer,"acorn,squeezer,compression",,,19,,,,,,1,,,,,,111,,,,,,7,,,,,,,,,,,,,,,,
93,18,let play commence,,Part II of Pontoon—the player’s turn.,7,gp,18,pontoon,,,,,18,,,,,,1,,,,,,118,,,,,,7,,,,,,,,,,,,,,,
94,18,wireframes in 3-d,wireframes in 3-d,A three-dimensional box graphic.,6,bp,40,3d,,,40,,,,,,1,,,,,,236,,,,,,6,,,,,,,,,,,,,,,,,
95,18,computer aided design,,,7,a,11,cad,cad,,,,,11,,,,,,1,,,,,,73,,,,,,7,,,,,,,,,,,,,,
96,19,computer aided design-2,computer aided design - 2,Rectangle option and filling with colour.,5,a,12,cad,cad,,,,,12,,,,,,1,,,,,,78,,,,,,5,,,,,,,,,,,,,,
97,19,creating custom functions,,Put the DEF FN command to work for you.,6,bp,41,,,,41,,,,,,1,,,,,,242,,,,,,6,,,,,,,,,,,,,,,,,
98,19,bouncing around ideas,,The mathematics of bouncing balls.,9,bp,42,,,,42,,,,,,1,,,,,,251,,,,,,9,,,,,,,,,,,,,,,,,
99,19,acorn program squeezer—2,,,3,mc,20,acornsqueezer,"acorn,squeezer,compression",,,20,,,,,,1,,,,,,114,,,,,,3,,,,,,,,,,,,,,,,
100,19,dragon/tandy program editing,,Making the most of the edit facilities.,2,bp,43,,,,43,,,,,,1,,,,,,253,,,,,,2,,,,,,,,,,,,,,,,,
101,19,over to the banker,,Part II of Pontoon—the computer’s turn.,7,gp,19,pontoon,,,,,19,,,,,,1,,,,,,125,,,,,,7,,,,,,,,,,,,,,,
102,20,getting things into perspective,,Adding perspective and viewpoint to wireframe drawing.,7,bp,44,3d,graphics,,44,,,,,,1,,,,,,260,,,,,,7,,,,,,,,,,,,,,,,,
103,20,Modems-your link to the world,Modems—your link to the world,Use your telephone to talk to other computers.,4,p,8,,"modem,network,comms",,,,,,8,,,,,,1,,,,,,37,,,,,,4,,,,,,4,,,,,,,
104,20,spectrum microdrive converter,,Machine code utility to convert programs for disk drive.,6,mc,21,,"spectrum,microdrive",,,21,,,,,,1,,,,,,120,,,,,,6,,,,,,,,,,,,,,,,
105,20,creating and using files,,Types of files and how to use them.,6,bp,45,,files,,45,,,,,,1,,,,,,266,,,,,,6,,,,,,,,,,,,,,,,,
106,20,turn your adventure into an epic,,Assembly language text-compressor for adventure games.,9,gp,20,adventure,"adventure,compression",,,,20,,,,,,1,,,,,,134,,,,,,9,,,,,,,,,,,,,,,
107,21,dragon/tandy program squeezer,,Machine code utility to compress BASIC programs.,5,mc,22,,"squeezer,dragon,tandy",,,22,,,,,,1,,,,,,125,,,,,,5,,,,,,,,,,,,,,,,
108,21,plug in to a printer,plug into a printer,Control commands and escape codes for a printer.,6,p,9,,printer,,,,,,9,,,,,,1,,,,,,43,,,,,,6,,,,,,,,,,,,,
109,21,decoding your epic adventure,,Decode routine of text-compressor.,8,gp,21,adventure,"adventure,compression",,,,21,,,,,,1,,,,,,142,,,,,,8,,,,,,,,,,,,,,,
110,21,detecting things on screen,,"Detecting collisions with ATTR, PEEK and POINT.",6,bp,46,,,,46,,,,,,1,,,,,,272,,,,,,6,,,,,,,,,,,,,,,,,
111,21,wireframes - adding curves,,"Globes, circles and a space station.",7,bp,47,3d,"graphics,curves",,47,,,,,,1,,,,,,279,,,,,,7,,,,,,,,,,,,,,,,,
112,22,simple music,,Turn your computer into a keyboard instrument.,7,bp,48,,"music,audio",,48,,,,,,1,,,,,,286,,,,,,7,,,,,,,,,,,,,,,,,
113,22,commodore disk drive converter,commodore disk converter,Machine code utility to convert programs for disk drive.,7,mc,23,,"commodore,disk",,,23,,,,,,1,,,,,,132,,,,,,7,,,,,,,,,,,,,,,,
114,22,caring for tapes and disks,,Indexing and posting your programs and data.,1,p,10,,"tapes,disks,storage",,,,,,10,,,,,,1,,,,,,44,,,,,,1,,,,,,,,,,,,,
115,22,using your text compressor,,"Encoding, decoding and merging.",6,gp,22,adventure,"adventure,compression",,,,22,,,,,,1,,,,,,148,,,,,,6,,,,,,,,,,,,,,,
116,22,tripping the light fantastic,,All about light pens.,4,p,11,,lightpen,,,,,,11,,,,,,1,,,,,,48,,,,,,4,,,,,,,,,,,,,
117,22,chance and probability,,Measuring probability with a coin-tossing program/,7,bp,49,,maths,,49,,,,,,1,,,,,,293,,,,,,7,,,,,,,,,,,,,,,,,
118,23,you hum it – i’ll play it,you hum it—i’ll play it,"Adding pitch and rhyth, to your music.",7,bp,50,,"audio,music",,50,,,,,,1,,,,,,300,,,,,,7,,,,,,,,,,,,,,,,,
119,23,more sorting methods,,"Delayed replacement, scatter, insertion and quicksorts.",4,bp,51,,"algorithms,sorting",,51,,,,,,1,,,,,,304,,,,,,4,,,,,,,,,,,,,,,,,
120,23,about bulletin boards,all about bulletin boards,Exchanging information between computers.,4,p,12,,"network,comms",,,,,,12,,,,,,1,,,,,,52,,,,,,4,,,,,,,,,,,,,
121,23,on-screen flight simulator,,Drawing the cockpit.,5,gp,23,flightsim,,,,,23,,,,,,1,,,,,,153,,,,,,5,,,,,,,,,,,,,,,
122,23,udgs made easy,,Plotting UDGs on screen and storing them.,7,a,13,udggenerator,"graphics,udgs",,,,,13,,,,,,1,,,,,,85,,,,,,7,,,,,,,,,,,,,,
123,23,the spectrum sounds out,,BEEP and out for sound effects.,5,mc,24,,"audio,music",,,24,,,,,,1,,,,,,137,,,,,,5,,,,,,,,,,,,,,,,
124,24,getting off to a flying start,,Setting the aeroplane in motion.,7,gp,24,flightsim,,,,,24,,,,,,1,,,,,,160,,,,,,7,,,,,,,,,,,,,,,
125,24,what goes up must come down,,Programming the path of a flying projectile.,8,bp,52,,"physics,simulation",,52,,,,,,1,,,,,,312,,,,,,8,,,,,,,,,,,,,,,,,
126,24,commodore hi-res graphics,,Part I—adding new graphics commands.,4,mc,25,commhires,,,,25,,,,,,1,,,,,,141,,,,,,4,,,,,,,,,,,,,,,,
127,24,database management systems,,Manipulating your information stores.,6,p,13,,,,,,,,13,,,,,,1,,,,,,58,,,,,,6,,,,,,,,,,,,,
128,24,adapting your udgs,,"Rotate, inverse and mirror routines.",7,a,14,udggenerator,"graphics,udgs",,,,,14,,,,,,1,,,,,,92,,,,,,7,,,,,,,,,,,,,,
129,25,the final approach,,Use the keyboard for control of the flight simulator.,5,gp,25,flightsim,,,,,25,,,,,,1,,,,,,165,,,,,,5,,,,,,,,,,,,,,,
130,25,graphics pads and tablets,,'Sketching’ with your micro.,5,p,14,,"tablets,graphics pads",,,,,,14,,,,,,1,,,,,,63,,,,,,5,,,,,,,,,,,,,
131,25,using control codes,,A handy form of programming short-cut.,1,bp,53,,,,53,,,,,,1,,,,,,313,,,,,,1,,,,,,,,,,,,,,,,,
132,25,commodore colour sprites,,Multi-colour sprite generator program.,8,bp,54,commsprites,,,54,,,,,,1,,,,,,321,,,,,,8,,,,,,,,,,,,,,,,,
133,25,understanding ‘frameprint’,,Disassembling the graphics routine from Issue 1,6,mc,26,udgs,"graphics,udgs",,,26,,,,,,1,,,,,,147,,,,,,6,,,,,,,,,,147,,,,,,6
134,25,how computers understand numbers,,Floating point arithmetic and numbers in memory.,7,bp,55,,,,55,,,,,,1,,,,,,328,,,,,,7,,,,,,,,,,,,,,,,,
135,26,out of this world,,Programs to plot trajectories and planetary orbits.,7,bp,56,,,,56,,,,,,1,,,,,,335,,,,,,7,,,,,,,,,,,,,,,,,
136,26,snakes and adders,,A number-eating snake game.,7,gp,26,,,,,,26,,,,,,1,,,,,,172,,,,,,7,,,,,,,,,,,,,,,
137,26,making the headline,,Enlarging ROM characters and designing your own.,9,bp,57,headlines,,,57,,,,,,1,,,,,,344,,,,,,9,,,,,,,,,,,,,,,,,
138,26,setting up a disk drive,,The hardware and the control commands.,5,p,15,,disk,,,,,,15,,,,,,1,,,,,,68,,,,,,5,,,,,,,,,,,,,
139,27,commodore and acorn custom keys,,Programming function keys.,5,bp,58,,,,58,,,,,,1,,,,,,349,,,,,,5,,,,,,,,,,,,,,,,,
140,27,as good as gold,,Business strategy game in which you run a mining company.,8,gp,27,mininggame,,,,,27,,,,,,1,,,,,,180,,,,,,8,,,,,,,,,,,,,,,
141,27,more headline ideas,,Designing a custom typeface.,6,bp,59,headlines,,,59,,,,,,1,,,,,,355,,,,,,6,,,,,,,,,,,,,,,,,
142,27,adding instructions to basic,,Customizing the BASIC on your micro.,8,mc,27,,,,,27,,,,,,1,,,,,,155,,,,,,8,,,,,,,,,,,,,,,,
143,27,finding a way with words,,Part I of a text-editor program.,5,a,15,texteditor,,,,,,15,,,,,,1,,,,,,97,,,,,,5,,,,,,,,,,,,,,
144,28,"cones, curves and cuts",,Program to explore the attributes of cones.,7,bp,60,,,,60,,,,,,1,,,,,,362,,,,,,7,,,,,,,,,,,,,,,,,
145,28,the midas touch,,Part II of the gold mining game.,8,gp,28,mininggame,,,,,28,,,,,,1,,,,,,188,,,,,,8,,,,,,,,,,,,,,,
146,28,commodore hi-res graphics—2,commodore hi-res graphics,Part II—more new graphics commands.,6,mc,28,,commhires,,,28,,,,,,1,,,,,,161,,,,,,6,,,,,,,,,,,,,,,,
147,28,a play on words,,Part II of the text-editor.,6,a,16,texteditor,,,,,,16,,,,,,1,,,,,,103,,,,,,6,,,,,,,,,,,,,,
148,28,computer-controlled robots,,An introduction to robotics.,5,p,16,,"logo,robots,graphics",,,,,,16,,,,,,1,,,,,,73,,,,,,5,,,,,,,,,,,,,
149,29,looking into curves,,Incorporating conic curves into programs.,7,bp,61,,"maths,curves",,61,,,,,,1,,,,,,369,,,,,,7,,,,,,,,,,,,,,,,,
150,29,watching the interrupts,,A digital clock timer routine.,3,mc,29,,interrupts,,,29,,,,,,1,,,,,,164,,,,,,3,,,,,,,,,,,,,,,,
151,29,mark my words,,Part I of educational word game.,5,gp,29,hangman,hangman,,,,29,,,,,,1,,,,,,193,,,,,,5,,,,,,,,,,,,,,,
152,29,cliffhanger: program a complete arcade game,cliffhanger: a complete game,Part I—title page.,10,mc,30,cliffhanger,,,,30,,,,,,1,,,,,,174,,,,,,10,,,,,,,,,,,,,,,,
153,29,getting into print,,Part III of the text-editor.,7,a,17,texteditor,,,,,,17,,,,,,1,,,,,,110,,,,,,7,,,,,,,,,,,,,,
154,30,supercharge your basic,,Speeding up your BASIC programs.,7,bp,62,,,,62,,,,,,1,,,,,,376,,,,,,7,,,,,,,,,,,,,,,,,
155,30,cliffhanger: adding instructions,,Part 2—the instructions screen.,5,mc,31,cliffhanger,,,,31,,,,,,1,,,,,,179,,,,,,5,,,,,,,,,,,,,,,,
156,30,engineering a solution,,The principles of mechanics and some programs to demonstrate them.,7,bp,63,,"mechanics,forces,engineering,physics",,63,,,,,,1,,,,,,383,,,,,,7,,,,,,,,,,,,,,,,,
157,30,getting it word-perfect,,Part II of word game.,6,gp,30,hangman,hangman,,,,30,,,,,,1,,,,,,199,,,,,,6,,,,,,,,,,,,,,,
158,30,extend your hobbies file,,Extra routines for datafile program.,7,a,18,datafile,,,,,,18,,,,,,1,,,,,,117,,,,,,7,,,,,,,,,,,,,,
159,31,exploring the acorn’s paintbox,,Colour filling and mixing commands of BBC BASIC.,7,bp,64,,"graphics,acorn",,64,,,,,,1,,,,,,390,,,,,,7,,,,,,,,,,,,,,,,,
160,31,sending secret messages,,Secret codes and ciphers and their applications.,6,bp,65,secretmessages,"morse,codes",,65,,,,,,1,,,,,,396,,,,,,6,,,,,,,,,,,,,,,,,
161,31,cliffhanger: tuning in,,Part 3—adding a tune.,8,mc,32,cliffhanger,music,,,32,,,,,,1,,,,,,187,,,,,,8,,,,,,,,,,,,,,,,
162,31,Multi-key control,,Understanding the keyboard and a game to use simultaneous keypresses.,6,bp,66,,,,66,,,,,,1,,,,,,402,,,,,,6,,,,,,,,,,,,,,,,,
163,31,controlling the board,,Part I of Othello strategy board game.,5,gp,31,othello,,,,,31,,,,,,1,,,,,,204,,,,,,5,,,,,,,,,,,,,,,
164,32,playing in harmony,,Programming musical harmonies on the Acorn and Commodore 64.,7,bp,67,,"music,polyphony",,67,,,,,,1,,,,,,409,,,,,,7,,,,,,,,,,,,,,,,,
165,32,cliffhanger: beginning the graphics,,Part 4—graphics and merging.,6,mc,33,cliffhanger,,,,33,,,,,,1,,,,,,193,,,,,,6,,,,,,,,,,,,,,,,
166,32,piecing it together,,"Rubber-banding, picking and dragging for easier graphics.",7,bp,68,,,,68,,,,,,1,,,,,,416,,,,,,7,,,,,,,,,,,,,,,,,
167,32,controlling the board—2,,Part II of Othello.,5,gp,32,othello,,,,,32,,,,,,1,,,,,,209,,,,,,5,,,,,,,,,,,,,,,
168,32,let’s make a date,,Part I of diary/calendar program.,7,a,19,calendar,,,,,,19,,,,,,1,,,,,,124,,,,,,7,,,,,,,,,,,,,,
169,33,yours for years to come,,Part II of diary/calendar program.,5,a,20,calendar,,,,,,20,,,,,,1,,,,,,129,,,,,,5,,,,,,,,,,,,,,
170,33,'flicker-book’ animation,,Paged graphics techniques for animation.,6,bp,69,pagedgraphics,,,69,,,,,,1,,,,,,422,,,,,,6,,,,,,,,,,,,,,,,,
171,33,arming the bandit,,Part I of fruit machine game.,6,gp,33,fruitmachine,,,,,33,,,,,,1,,,,,,215,,,,,,6,,,,,,,,,,,,,,,
172,33,cliffhanger: setting the scene,,Part 5—setting the scene.,10,mc,34,cliffhanger,,,,34,,,,,,1,,,,,,203,,,,,,10,,,,,,,,,,,,,,,,
173,33,sending secret messages-2,sending secret messages—2,More codes and a code-breaking program.,5,bp,70,secretmessages,,,70,,,,,,1,,,,,,427,,,,,,5,,,,,,,,,,,,,,,,,
174,34,the mathematics of growth,,"Measuring grwoth of animals, plants and populations.",8,bp,71,,"maths,geometry,volume",,71,,,,,,1,,,,,,435,,,,,,8,,,,,,,,,,,,,,,,,
175,34,cliffhanger: perils and prizes,,Part 6—perils and rewards.,7,mc,35,cliffhanger,,,,35,,,,,,1,,,,,,210,,,,,,7,,,,,,,,,,,,,,,,
176,34,planning the future,,Part III of diary/calendar program.,4,a,21,calendar,,,,,,21,,,,,,1,,,,,,133,,,,,,4,,,,,,,,,,,,,,
177,34,teletext screens on the bbc,,How to use this graphics mode.,6,bp,72,,"bbc,teletext",,72,,,,,,1,,,,,,441,,,,,,6,,,,,,,,,,,,,,,,,
178,34,the fruits of your labours,,Part II of fruit machine game.,7,gp,34,fruitmachine,,,,,34,,,,,,1,,,,,,222,,,,,,7,,,,,,,,,,,,,,,
179,35,looking into it,,Program to magnify and reduce your graphics.,7,a,22,,"CAD,graphics",,,,,22,,,,,,1,,,,,,140,,,,,,7,,,,,,,,,,,,,,
180,35,lunar touchdown,,A complete arcade-type game.,3,gp,35,,,,,,35,,,,,,1,,,,,,225,,,,,,3,,,,,,,,,,,,,,,
181,35,how’s it sound?,how’s that sound,Explore the technology of digital sound recording.,5,bp,73,,"audio,sound",,73,,,,,,1,,,,,,446,,,,,,5,,,,,,,,,,,,,,,,,
182,35,the game of fox and geese,,Part I of game using artificial intelligence,5,gp,36,foxandgeese,,,,,36,,,,,,1,,,,,,230,,,,,,5,,,,,,,,,,,,,,,
183,35,cliffhanger: starting off,,Part 7—initializing routine.,5,mc,36,cliffhanger,,,,36,,,,,,1,,,,,,215,,,,,,5,,,,,,,,,,,,,,,,
184,35,how basic programs are stored,,Looking into the BASIC memory stores.,7,bp,74,,,,74,,,,,,1,,,,,,453,,,,,,7,,,,,,,,,,,,,,,,,
185,36,fox and geese game—2,,Part II.,5,gp,37,foxandgeese,,,,,37,,,,,,1,,,,,,235,,,,,,5,,,,,,,,,,,,,,,
186,36,starting with spreadsheets,,Part I of program to help with your accounting.,9,a,23,,,,,,,23,,,,,,1,,,,,,149,,,,,,9,,,,,,,,,,,,,,
187,36,cliffhanger: resetting variables,,Part 8—synchronizing routine.,5,mc,37,cliffhanger,,,,37,,,,,,1,,,,,,220,,,,,,5,,,,,,,,,,,,,,,,
188,36,more about paged graphics,,Extend you animation skills.,6,bp,75,pagedgraphics,,,75,,,,,,1,,,,,,459,,,,,,6,,,,,,,,,,,,,,,,,
189,36,music in envelopes - commodore/acorn,envelope sounds,Produce life-like sounds on the Acorn and Commodore 64.,7,bp,76,,"audio,music,sound,envelopes,acorn,commodore",,76,,,,,,1,,,,,,466,,,,,,7,,,,,,,,,,,,,,,,,
190,37,cliffhanger: keeping the score,,Part 9—scoring routine.,7,mc,38,cliffhanger,,,,38,,,,,,1,,,,,,227,,,,,,7,,,,,,,,,,,,,,,,
191,37,fox and geese game—3,,Part III.,6,gp,38,foxandgeese,,,,,38,,,,,,1,,,,,,241,,,,,,6,,,,,,,,,,,,,,,
192,37,predicting the unpredictable,,Computer probability.,6,bp,77,,,,77,,,,,,1,,,,,,472,,,,,,6,,,,,,,,,,,,,,,,,
193,37,patterns from nature,,"Dots, curves and orbits for complex graphics.",8,bp,78,,,,78,,,,,,1,,,,,,480,,,,,,8,,,,,,,,,,,,,,,,,
194,37,tailoring spreadsheets,,Part II of accounting program.,5,a,24,,,,,,,24,,,,,,1,,,,,,154,,,,,,5,,,,,,,,,,,,,,
195,38,will you walk into my parlour?,will you walk into my parlour,Part I of Freddy and the Spider from Mars game.,7,gp,39,spidergame,,,,,39,,,,,,1,,,,,,248,,,,,,7,,,,,,,,,,,,,,,
196,38,working with spreadsheets,,Part III—using the program.,8,a,25,,,,,,,25,,,,,,1,,,,,,162,,,,,,8,,,,,,,,,,,,,,
197,38,solids of rotation,,Make three-dimensional shapes.,6,bp,79,,"3d graphics,graphics",,79,,,,,,1,,,,,,486,,,,,,6,,,,,,,,,,,,,,,,,
198,38,modelling reality,,Predict events in the real world using the RND function.,6,bp,80,,"maths,probability",,80,,,,,,1,,,,,,492,,,,,,6,,,,,,,,,,,,,,,,,
199,38,cliffhanger: adding seagulls,,Part 10—get the flock flapping.,5,mc,39,cliffhanger,,,,39,,,,,,1,,,,,,232,,,,,,5,,,,,,,,,,,,,,,,
200,39,modelling: food for thought,,Apply modelling methods to a business situation.,5,bp,81,,simulation,,81,,,,,,1,,,,,,497,,,,,,5,,,,,,,,,,,,,,,,,
201,39,commodore assembler update,,,2,mc,40,commodoreassembler,,,,40,,,,,,1,,,,,,234,,,,,,2,,,,,,,,,,,,,,,,
202,39,cliffhanger: the rising tide,,Part 11—set the waters rising.,6,mc,41,cliffhanger,,,,41,,,,,,1,,,,,,240,,,,,,6,,,,,,,,,,,,,,,,
203,39,squeezing out a tune,,Data compression techniques that let you store a tune.,8,bp,82,,"audio,music",,82,,,,,,1,,,,,,505,,,,,,8,,,,,,,,,,,,,,,,,
204,39,go out with a bang,,Part II of Freddy and the Spider from Mars game.,7,gp,40,spidergame,,,,,40,,,,,,1,,,,,,255,,,,,,7,,,,,,,,,,,,,,,
205,40,machine code life game,,Simulate the struggle of uni-cellular organisms.,3,gp,41,,"life,conway,game,machinecode",,,,41,,,,,,1,,,,,,258,,,,,,3,,,,,,,,,,,,,,,
206,40,cliffhanger: clouding over,,Part 12—adding weather.,5,mc,42,cliffhanger,,,,42,,,,,,1,,,,,,245,,,,,,5,,,,,,,,,,,,,,,,
207,40,asking the stars,,A horoscope program you can use as a party game.,9,a,26,,,,,,,26,,,,,,1,,,,,,171,,,,,,9,,,,,,,,,,,,,,
208,40,wargaming: first steps,wargaming: the first steps,Part I of Cavendish Field war game—,4,gp,42,wargame,,,,,42,,,,,,1,,,,,,262,,,,,,4,,,,,,,,,,,,,,,
209,40,commodore colour sprites,using commodore colour sprites,Moving sprites in a complete game.,5,bp,83,commsprites,,,83,,,,,,1,,,,,,510,,,,,,5,,,,,,,,,,,,,,,,,
210,40,new languages: looking at logo,,An introduction to LOGO commands and the Turtle.,5,l,1,,,,,,,,,1,,,,,,1,,,,,,5,,,,,,5,,,,,,,,,,,,
211,41,a computer interior designer,,Part I of room-planner program.,7,a,27,intdesign,cad,,,,,27,,,,,,1,,,,,,178,,,,,,7,,,,,,,,,,,,,,
212,41,cliffhanger: rocky1,,Part 13—rolling boulders 1,6,mc,43,cliffhanger,,,,43,,,,,,1,,,,,,251,,,,,,6,,,,,,,,,,,,,,,,
213,41,wargaming: of maps and men,,Part II of Cavendish Field.,7,gp,43,wargame,,,,,43,,,,,,1,,,,,,269,,,,,,7,,,,,,,,,,,,,,,
214,41,Recursion-loops within loops,Recursion—loops within loops,Understanding one of the key techniques of structures programming.,7,bp,84,,recursion,,84,,,,,,1,,,,,,517,,,,,,7,,,,,,,,,,,,,,,,,
215,41,turning turtle with logo,,Interesting graphics using the turtle.,5,l,2,logo,"logo,graphics",,,,,,,2,,,,,,1,,,,,,10,,,,,,5,,,,,,,,,,,,
216,42,wargaming: the art of command,,Part III of Cavendish Field.,7,gp,44,wargame,,,,,44,,,,,,1,,,,,,276,,,,,,7,,,,,,,,,,,,,,,
217,42,a computer interior designer-2,a computer interior designer—2,Part II of room-planner program.,6,a,28,intdesign,,,,,,28,,,,,,1,,,,,,184,,,,,,6,,,,,,,,,,,,,,
218,42,desperate decorator,,A game to catch the paint drips!,3,gp,45,,,Index incorrectly states this as GP article 46,,,45,,,,,,1,,,,,,279,,,,,,3,,,,,,,,,,,,,,,
219,42,logo: beyond the drawing board,,"LOGO’s sprites, maths and wordhandling capabilities.",5,l,3,logo,"logo,graphics",,,,,,,3,,,,,,1,,,,,,15,,,,,,5,,,,,,,,,,,,
220,42,understanding the operating system,,Accessing OS routines and entry points.,6,bp,85,,os,,85,,,,,,1,,,,,,523,,,,,,6,,,,,,,,,,,,,,,,,
221,42,cliffhanger: rocky ii,,Part 14—rolling boulders 2,5,mc,44,cliffhanger,,,,44,,,,,,1,,,,,,256,,,,,,5,,,,,,,,,,,,,,,,
222,43,music composer program,,Part I.,5,a,29,musiccomposer,"audio,music",,,,,29,,,,,,1,,,,,,189,,,,,,5,,,,,,,,,,,,,,
223,43,cliffhanger: stepping out,,Part 15—walking Willie.,8,mc,45,cliffhanger,,,,45,,,,,,1,,,,,,264,,,,,,8,,,,,,,,,,,,,,,,
224,43,wargaming: into battle!,,Part IV of Cavendish Field,6,gp,46,,,Index incorrectly states this as GP article 45,,,46,,,,,,1,,,,,,285,,,,,,6,,,,,,,,,,,,,,,
225,43,putting together pascal,,The basics of a new language.,4,l,4,pascal,,,,,,,,4,,,,,,1,,,,,,19,,,,,,4,,,,,,,,,,,,
226,43,match that! a computer puzzle setter,'match that’: a computer puzzle.,A colour code guessing game.,2,gp,47,,,,,,47,,,,,,1,,,,,,287,,,,,,2,,,,,,,,,,,,,,,
227,43,file it don’t forget it,file it—don’t forget it,Saving information out of a program.,7,bp,86,,,,86,,,,,,1,,,,,,530,,,,,,7,,,,,,,,,,,,,,,,,
228,44,"draw it, print it",,Two screen dump programs for saving graphics to a printer.,7,bp,87,,,,87,,,,,,1,,,,,,537,,,,,,7,,,,,,,,,,,,,,,,,
229,44,wargaming: military intelligence,,Part V of Cavendish Field,6,gp,48,,,,,,48,,,,,,1,,,,,,293,,,,,,6,,,,,,,,,,,,,,,
230,44,cliffhanger: the high jump,,Part 16—jumping Willie 1.,8,mc,46,cliffhanger,,,,46,,,,,,1,,,,,,272,,,,,,8,,,,,,,,,,,,,,,,
231,44,patterns for pascal programs,,Structure of the language.,6,l,5,pascal,pascal,,,,,,,5,,,,,,1,,,,,,25,,,,,,6,,,,,,,,,,,,
232,44,from basic to beethoven,,Part II of music composer.,5,a,30,musiccomposer,"audio,music",,,,,30,,,,,,1,,,,,,194,,,,,,5,,,,,,,,,,,,,,
233,45,models of irregularity,,Use fractals to mimic irregularities.,5,bp,88,fractals,"fractals,graphics",,88,,,,,,1,,,,,,542,,,,,,5,,,,,,,,,,,,,,,,,
234,45,cliffhanger: take a running jump,,Part 17—jumping Willie 2.,8,mc,47,cliffhanger,,,,47,,,,,,1,,,,,,280,,,,,,8,,,,,,,,,,,,,,,,
235,45,lisp-the language of lists,lisp—the language of lists,List-handling in a new language.,6,l,6,lisp,lisp,,,,,,,6,,,,,,1,,,,,,31,,,,,,6,,,,,6,,,,,,,
236,45,finishing the symphony,,Part III of music composer.,8,a,31,musiccomposer,,,,,,31,,,,,,1,,,,,,202,,,,,,8,,,,,,,,,,,,,,
237,45,escape: a new adventure game,,,5,gp,49,escapeadventure,,,,,49,,,,,,1,,,,,,298,,,,,,5,,,,,,,,,,,,,,,
238,46,planning the best course,,Project planning using PERT,5,a,32,planningapp,planning,,,,,32,,,,,,1,,,,,,207,,,,,,5,,,,,,,,,,,,,,
239,46,forms of the natural world,,Modelling mountains and snowflakes with fractals.,6,bp,89,fractals,"fractals,graphics",,89,,,,,,1,,,,,,548,,,,,,6,,,,,,,,,,,,,,,,,
240,46,cliffhanger: a sad demise,,"Part 18—death, sound and end routines.",8,mc,48,cliffhanger,,,,48,,,,,,1,,,,,,288,,,,,,8,,,,,,,,,,,,,,,,
241,46,music while you work,,Interrupt-driven routine to play background music.,2,mc,49,,,,,49,,,,,,1,,,,,,290,,,,,,2,,,,,,,,,,,,,,,,
242,46,escape: building up the adventure,,,6,gp,50,escapeadventure,,,,,50,,,,,,1,,,,,,304,,,,,,6,,,,,,,,,,,,,,,
243,46,constructing a lisp program,,Defining functions.,5,l,7,lisp,,,,,,,,7,,,,,,1,,,,,,36,,,,,,5,,,,,,,,,,,,
244,47,adding some depth,,How to master the tricks of perspective drawing.,5,bp,90,,"graphics,depth",,90,,,,,,1,,,,,,553,,,,,,5,,,,,,,,,,,,,,,,,
245,47,in search of the best times,,Putting your PERT program to work.,8,a,33,planningapp,planning,,,,,33,,,,,,1,,,,,,215,,,,,,8,,,,,,,,,,,,,,
246,47,a picture test card program,,Check your TV or monitor is giving its best.,2,a,34,,,,,,,34,,,,,,1,,,,,,217,,,,,,2,,,,,,,,,,,,,,
247,47,cliffhanger: settling the score,,Part 19—Willie scores and speeding up.,6,mc,50,cliffhanger,,,,50,,,,,,1,,,,,,296,,,,,,6,,,,,,,,,,,,,,,,
248,47,and so … forth,An introduction to a powerful new language.,,4,l,8,forth,forth,,,,,,,8,,,,,,1,,,,,,40,,,,,,4,,,,,,,,,,,,
249,47,escape: the adventure goes on,,,7,gp,51,escapeadventure,,,,,51,,,,,,1,,,,,,311,,,,,,7,,,,,,,,,,,,,,,
250,48,escape: adding to the adventure,,,7,gp,52,escapeadventure,,,,,52,,,,,,1,,,,,,318,,,,,,7,,,,,,,,,,,,,,,
251,48,"paper, scissors, stone",,A classic bluffing game.,8,bp,91,,game,,91,,,,,,1,,,,,,561,,,,,,8,,,,,,,,,,,,,,,,,
252,48,building up forth,"Constants, variables and the contents of the dictionary.",,4,l,9,forth,,,,,,,,9,,,,,,1,,,,,,44,,,,,,4,,,,,,,,,,,,
253,48,a program cross-referencer,,A ‘search and replace’ utility to help with debugging.,8,a,35,,,,,,,35,,,,,,1,,,,,,225,,,,,,8,,,,,,,,,,,,,,
254,48,cliffhanger: snakes alive!,,Part 20—moving the snakes.,5,mc,51,cliffhanger,,,,51,,,,,,1,,,,,,301,,,,,,5,,,,,,,,,,,,,,,,
255,49,spectrum/commodore toolkit,,A machine code routine to add new commands to BASIC.,7,a,36,,,,,,,36,,,,,,1,,,,,,232,,,,,,7,,,,,,,,,,,,,,
256,49,the forth dimension,"Comparisons, loops and nesting.",,5,l,10,forth,,,,,,,,10,,,,,,1,,,,,,49,,,,,,5,,,,,,,,,,,,
257,49,cliffhanger: setting it off,,Part 21—main loop.,8,mc,52,cliffhanger,,,,52,,,,,,1,,,,,,309,,,,,,8,,,,,,,,,,,,,,,,
258,49,escape: the coded text,,,7,gp,53,escapeadventure,,,,,53,,,,,,1,,,,,,325,,,,,,7,,,,,,,,,,,,,,,
259,49,computers in control,,Use your micro to control mechanical and electrical devices.,5,p,17,,,,,,,,17,,,,,,1,,,,,,78,,,,,,5,,,,,,,,,,,,,
260,50,"puzzles, computers, and mathematics",,Solving puzzles with your computer.,5,bp,92,,,,92,,,,,,1,,,,,,566,,,,,,5,,,,,,,,,,,,,,,,,
261,50,tune in to the world,,Tuning in to and decoding radio waves.,4,a,37,,"music,audio",,,,,37,,,,,,1,,,,,,236,,,,,,4,,,,,,,,,,,,,,
262,50,[ no title ],moving by degrees,Controlling a stepper motor with a BBC.,2,p,18,,,"title is missing from actual article, but is in the index",,,,,18,,,,,,1,,,,,,80,,,,,,2,,,,,,,,,,,,,
263,50,escape: complete the adventure,,,8,gp,54,escapeadventure,,,,,54,,,,,,1,,,,,,333,,,,,,8,,,,,,,,,,,,,,,
264,50,the towel of babel,The wide world of alternative languages.,,4,l,11,,"languages,langs",,,,,,,11,,,,,,1,,,,,,53,,,,,,4,,,,,,,,,,,,
265,50,cliffhanger: checking for fit,,Part 22—the hex dump for debugging.,9,mc,53,cliffhanger,,,,53,,,,,,1,,,,,,318,,,,,,9,,,,,,,,,,,,,,,,
266,51,tumbling dice,,Play ‘Yacht’ a traditional dice game.,7,gp,55,,"multiplayer,game",,,,55,,,,,,1,,,,,,340,,,,,,7,,,,,,,,,,,,,,,
267,51,commodore hi-res graphics—3,,The complete hi-res utility.,12,mc,54,commhires,,,,54,,,,,,1,,,,,,330,,,,,,12,,,,,,,,,,,,,,,,
268,51,Disk-editing utilities,,Retrieve your lost programs.,8,a,38,,"disk,storage",,,,,38,,,,,,1,,,,,,244,,,,,,8,,,,,,,,,,,,,,
269,51,"music, micros, and midi",,Computer control of synthesizers.,5,p,19,,"music,audio,midi",,,,,,19,,,,,,1,,,,,,85,,,,,,5,,,,,,,,,,,,,
270,52,(index),,,,,,,,,,,,,,,,,,,,,,,,,,,,,,,,,,,,,,,,,,,,
,,,,,,,,,,,,,,,,,,,,,,,,,,,,,,,,,,,,,,,,,,,,,,
,,,,,,,,,,,,,,,,,,,,,,,,,,,,,,,,,,,,,,,,,,,,,,
,,,,,,,,,,,,,,,,,,,,,,,,,,,,,,,,,,,,,,,,,,,,,,
,,,,,,,,,,,,,,,,,,,,,,,,,,,,,,,,,,,,,,,,,,,,,,
,,,,,,,,,,,,,,,,,,,,,,,b ,mc,gp,a,p,l,,ALL,,,,,,,,,,,,,,,,
,,,,,,,,,,,,,,,,,,TOTAL ARTICLES:,,,,,92,54,55,38,19,11,,269,,,,,,,,,,,,,,,,
,,Minutiae:,,,,,,,,,,,,,,,,TOTAL PAGES:,,,,,566,330,340,244,85,53,,1618,,,,,,1613,,,,,,,,,,
,,The peripheral series is not numbered!,,,,,,,,,,,,,,,,avg pages per article:,,,,,6.15217391304348,6.11111111111111,6.18181818181818,6.42105263157895,4.47368421052632,4.81818181818182,,6.01486988847584,,,,,,,,,,,,,,,,
,,did they take solicitations? See note at bottom of yellow index pages,,,,,,,,,,,,,,,,,,,,,,,,,,,,,,,,,,,,,,,,,,,,
,,Cliffhanger – they published the entire binary content of memory to check it – rather than checksums! Not even a checksum byte per page.,,,,,,,,,,,,,,,,,,,,,,,,,,,,,,,,,,,,,,,,,,,,
,,P article in issue 50 has no name.,,,,,,,,,,,,,,,,,,,,,92,54,55,38,18,11,,268,,,,,,,,,,,,,,,,
,,"machine code article – claims mc is nice and easy,  not like HLLs!",,,,,,,,,,,,,,,,,,,,,566,330,340,246,83,48,,,,,,,,,,,,,,,,,,
,,mc sprite routines were using &FFEE usual printing routine – kind of pointless?,,,,,,,,,,,,,,,,,,,,,6.15217391304348,6.11111111111111,6.18181818181818,6.47368421052632,4.61111111111111,4.36363636363636,,,,,,,,,,,,,,,,,,
